Embarked,SurvivalRate
C,0.5535714285714286
Q,0.38961038961038963
S,0.33900928792569657
