Sex,SurvivalRate
female,0.7420382165605095
male,0.18890814558058924
