FareGroup,SurvivalRate,TotalPassengers
0-24,0.2872531418312388,557
100+,0.7358490566037735,53
25-49,0.42196531791907516,173
50-99,0.6481481481481481,108
