AgeGroup,SurvivalRate,TotalPassengers
0-9,0.6129032258064516,62
10-19,0.4019607843137255,102
20-29,0.3249370277078086,397
30-39,0.437125748502994,167
40-49,0.38202247191011235,89
50-59,0.4166666666666667,48
60+,0.2692307692307692,26
