FamilySize,SurvivalRate,TotalPassengers
0,0.30353817504655495,537
1,0.5527950310559007,161
2,0.5784313725490197,102
3,0.7241379310344828,29
4,0.2,15
5,0.13636363636363635,22
6,0.3333333333333333,12
7,0.0,6
10,0.0,7
